epoch,time,train/box_loss,train/cls_loss,train/dfl_loss,metrics/precision(B),metrics/recall(B),metrics/mAP50(B),metrics/mAP50-95(B),val/box_loss,val/cls_loss,val/dfl_loss,lr/pg0,lr/pg1,lr/pg2
1,213.065,1.2575,2.15209,1.22309,0.81536,0.22879,0.23986,0.18796,1.27764,2.22295,1.30476,5.78125e-05,5.78125e-05,5.78125e-05
2,397.717,1.1816,1.57202,1.16484,0.65005,0.26128,0.26056,0.20026,1.16064,1.97767,1.18658,0.000112313,0.000112313,0.000112313
