epoch,time,train/box_loss,train/cls_loss,train/dfl_loss,metrics/precision(B),metrics/recall(B),metrics/mAP50(B),metrics/mAP50-95(B),val/box_loss,val/cls_loss,val/dfl_loss,lr/pg0,lr/pg1,lr/pg2
1,85.3884,1.17279,1.84828,1.10634,0.92381,0.34161,0.49942,0.36286,1.03838,1.34715,1.15144,6.77209e-05,6.77209e-05,6.77209e-05
2,158.562,1.10547,1.32061,1.09649,0.86284,0.46753,0.53961,0.43196,0.6613,1.00209,0.9134,0.000132531,0.000132531,0.000132531
3,230.54,1.0814,1.13724,1.07038,0.80287,0.57219,0.5446,0.43582,0.65469,0.82628,0.9229,0.000192766,0.000192766,0.000192766
4,302.006,1.01998,1.07329,1.04028,0.94159,0.46726,0.56684,0.45901,0.63942,0.76948,0.90759,0.000187408,0.000187408,0.000187408
5,376.08,0.97755,1.01053,1.01719,0.89966,0.48881,0.58396,0.48759,0.6337,0.74425,0.8932,0.000180544,0.000180544,0.000180544
6,449.215,0.93378,0.97922,1.00141,0.83778,0.5708,0.59012,0.48936,0.64988,0.82617,0.88846,0.00017368,0.00017368,0.00017368
