epoch,time,train/box_loss,train/cls_loss,train/dfl_loss,metrics/precision(B),metrics/recall(B),metrics/mAP50(B),metrics/mAP50-95(B),val/box_loss,val/cls_loss,val/dfl_loss,lr/pg0,lr/pg1,lr/pg2
1,234.049,0.95527,1.08294,1.02397,0.58783,0.33097,0.37255,0.29719,0.84005,1.43277,1.02496,5.79282e-05,5.79282e-05,5.79282e-05
2,466.368,0.95898,1.105,1.02254,0.48016,0.37993,0.36071,0.28503,0.89799,1.45967,1.0337,0.000112425,0.000112425,0.000112425
3,699.797,0.97319,1.108,1.01764,0.55979,0.36879,0.38081,0.29817,0.85832,1.39706,1.01048,0.000163072,0.000163072,0.000163072
4,931.701,0.96675,1.09386,1.02949,0.50966,0.36663,0.38381,0.29971,0.89175,1.4058,1.03464,0.000157675,0.000157675,0.000157675
5,1165.73,0.9432,1.04832,1.01839,0.54123,0.36645,0.37586,0.2888,0.8881,1.35936,1.02549,0.0001519,0.0001519,0.0001519
6,1398.49,0.95355,1.04492,1.01666,0.55272,0.37277,0.37443,0.29527,0.85419,1.3959,1.01071,0.000146125,0.000146125,0.000146125
7,1631.42,0.95344,1.04809,1.02191,0.5785,0.38338,0.39162,0.30108,0.85201,1.31039,1.00131,0.00014035,0.00014035,0.00014035
8,1864.04,0.93691,1.02934,1.01373,0.61641,0.38964,0.38449,0.29556,0.88374,1.31462,1.00882,0.000134575,0.000134575,0.000134575
