{
  "armor_bar,diamond_ore,emerald_ore": {
    "mine_diamond_ore": 1.272438012607154,
    "armor_bar_health_bar_hotbar__86c48b": 0.172169080292353
  },
  "armor_bar,health_bar,hotbar": {
    "armor_bar_diamond_ore_emeral_72d3e5": 0.8669069809967065,
    "armor_bar_health_bar_hotbar__6b9d23": 1.168275012179789,
    "armor_bar_health_bar_hotbar__16b0c9": 0.9583350844821967,
    "armor_bar_emerald_ore_health_6177b9": 1.326290660917675,
    "armor_bar_coal_ore_emerald_o_1bd56c": 1.3129000242322049,
    "armor_bar_health_bar_hotbar__6e8e3d": 1.256568059542089,
    "armor_bar_health_bar_hotbar__86c48b": 1.2975162238517333,
    "armor_bar_health_bar_hotbar__4769db": 0.9058903696975629,
    "armor_bar_diamond_ore_emeral_0a8257": 1.426879434946374,
    "armor_bar_emerald_ore_health_4aebc3": 1.3567664356974625,
    "armor_bar_diamond_ore_emeral_2b2491": 1.1244425196861914,
    "armor_bar_health_bar_hotbar__c93505": 1.0706903465137487,
    "redstone_ore_b30f3f": 1.6674937541229304,
    "redstone_ore_821414": 1.6200283526073767,
    "redstone_ore_f4b460": 1.6088411451860167,
    "redstone_ore_7bac87": 1.5255283212983446,
    "redstone_ore_9cdb71": 0.4226264346299963,
    "redstone_ore_845b0a": 1.5754680138425943,
    "oak_planks_91dccd": 4.013507341569055,
    "leaves_tree_11ea7c": 3.7292049566237884,
    "leaves_tree_fbf951": 2.805775977400039,
    "leaves_tree_c97def": 3.5517978073547742,
    "leaves_tree_cddf08": 3.399210343139986,
    "leaves_tree_860462": 3.3686832725576004,
    "leaves_tree_f075ea": 3.928283026099812,
    "leaves_tree_b68e8c": 3.3828014364080445,
    "leaves_tree_079222": 3.702813344396249,
    "leaves_tree_061af6": 3.681211316278896,
    "oak_planks_9f7d59": 3.7608495636304964
  },
  "armor_bar,emerald_ore,health_bar": {
    "mine_emerald_ore": 0.8117347326278601,
    "armor_bar_diamond_ore_emeral_72d3e5": 0.29911055578132173,
    "armor_bar_health_bar_hotbar__86c48b": 0.904766486718223,
    "armor_bar_health_bar_hotbar__843f39": 0.9061606406913475,
    "armor_bar_health_bar_hotbar__310ac5": 0.4349054911263779,
    "leaves_tree_fbf951": 0.2366422726857456,
    "leaves_tree_cddf08": 0.9079395007770823,
    "leaves_tree_c8afc8": 3.601063943862205
  },
  "armor_bar,coal_ore,diamond_ore": {
    "mine_diamond_ore": 0.6871636717835862,
    "armor_bar_coal_ore_emerald_o_1bd56c": 0.430748365160191
  },
  "armor_bar,coal_ore,health_bar": {
    "armor_bar_health_bar_hotbar__c93505": 0.884624363248631,
    "armor_bar_emerald_ore_health_4aebc3": 0.6222367637319467,
    "mine_coal_ore": 0.08847157541135092,
    "leaves_tree_079222": 0.1391161926923768
  },
  "diamond_ore,emerald_ore,gold_ore": {
    "armor_bar_diamond_ore_emeral_72d3e5": 1.409224021840962,
    "gold_ore_xp_bar_c9dc94": 0.44387126691336315
  },
  "armor_bar,coal_ore,emerald_ore": {
    "armor_bar_diamond_ore_emeral_72d3e5": 0.9310473553134462,
    "armor_bar_coal_ore_emerald_o_2083c8": 0.9898285290241318,
    "armor_bar_coal_ore_emerald_o_1bd56c": 0.8077891002292423,
    "armor_bar_health_bar_hotbar__843f39": 0.8985525296835225,
    "armor_bar_emerald_ore_health_6177b9": 0.9043966649292526
  },
  "armor_bar,emerald_ore,gold_ore": {
    "diamond_ore_emerald_ore_gold_53233d": 0.9278206468436855
  },
  "armor_bar,coal_ore,gold_ore": {
    "armor_bar_emerald_ore_health_4aebc3": 0.4952756729282448,
    "armor_bar_gold_ore_health_ba_59e436": 1.4071436172554295
  },
  "armor_bar,gold_ore,health_bar": {
    "armor_bar_health_bar_hotbar__6e8e3d": 1.2097223653571239,
    "diamond_ore_emerald_ore_gold_53233d": 1.432658412486634,
    "armor_bar_health_bar_hotbar__4769db": 0.4097336647716687,
    "armor_bar_diamond_ore_emeral_2b2491": 1.0102422626063379,
    "armor_bar_coal_ore_emerald_o_1bd56c": 0.8946700337874917,
    "armor_bar_health_bar_hotbar__6848a2": 1.0119335881970504,
    "armor_bar_coal_ore_emerald_o_33a61c": 0.9877901323877504,
    "armor_bar_health_bar_hotbar__16b0c9": 1.1035968514848595,
    "armor_bar_coal_ore_emerald_o_2083c8": 1.0986084605862172,
    "armor_bar_diamond_ore_emeral_0a8257": 0.8868233179911439,
    "armor_bar_diamond_ore_emeral_72d3e5": 0.9893824347421079,
    "armor_bar_health_bar_hotbar__2528c5": 1.1426082456683253,
    "armor_bar_health_bar_hotbar__8d47d2": 1.080342894040892,
    "armor_bar_health_bar_hotbar__843f39": 0.9940773568726409,
    "armor_bar_emerald_ore_health_6177b9": 1.066255880141391,
    "armor_bar_emerald_ore_health_4aebc3": 1.0254146886485858,
    "armor_bar_gold_ore_health_ba_c7d2a1": 1.063690207465788,
    "armor_bar_gold_ore_health_ba_59e436": 1.016380566191448,
    "armor_bar_gold_ore_health_ba_0cbd8e": 1.1351976062596212,
    "gold_ore_94e443": 1.1379184232383461
  },
  "armor_bar,emerald_ore,hotbar": {},
  "armor_bar,gold_ore,hotbar": {
    "armor_bar_gold_ore_health_ba_59e436": 0.9247109432545927,
    "gold_ore_fa480e": 1.122452623751468,
    "gold_ore_84097c": 1.1326754095687857,
    "gold_ore_ae74ae": 0.7778055430517626,
    "gold_ore_38a842": 1.1137612407310324,
    "gold_ore_94e443": 1.1049659544506207
  },
  "armor_bar,bed,gold_ore": {},
  "gold_ore,health_bar,hotbar": {
    "armor_bar_health_bar_hotbar__843f39": 0.8781984904699255,
    "diamond_ore_emerald_ore_gold_53233d": 0.09653786414229329
  },
  "armor_bar,hotbar,hunger_bar": {},
  "armor_bar,hotbar,redstone_ore": {},
  "armor_bar,diamond_ore,hotbar": {},
  "armor_bar,hotbar,xp_bar": {},
  "emerald_ore,hotbar,hunger_bar": {
    "mine_emerald_ore": 1.2705801547413231,
    "mine_redstone_ore": 0.4688073149665336,
    "emerald_ore_hotbar_hunger_ba_105633": 1.3163377636624332
  },
  "hotbar,hunger_bar,xp_bar": {},
  "hotbar,xp_bar": {},
  "bed,hotbar,xp_bar": {},
  "hotbar,hunger_bar": {},
  "emerald_ore,hotbar,redstone_ore": {
    "mine_redstone_ore": 0.2956620774486245
  },
  "hotbar,hunger_bar,redstone_ore": {
    "emerald_ore_hotbar_hunger_ba_105633": 0.9150792859575094,
    "mine_redstone_ore": 0.27474275385580726
  },
  "coal_ore,hotbar,hunger_bar": {
    "mine_coal_ore": 0.2851933565471486,
    "coal_ore_hotbar_e3f079": 0.24610692075654025,
    "coal_ore_hotbar_xp_bar_ff1514": 1.1591320437903567,
    "coal_ore_hotbar_xp_bar_3a4c99": 0.47654605943040784,
    "coal_ore_hotbar_hunger_bar_x_472927": 0.5051247223834183,
    "coal_ore_hotbar_hunger_bar_x_023718": 0.6932971938640364,
    "coal_ore_hotbar_hunger_bar_x_aeddc5": 0.636605743153858,
    "coal_ore_e911bb": 0.504917221339599,
    "coal_ore_5a3988": 0.23269348157993128,
    "coal_ore_9e0daf": 0.32530000187606883,
    "coal_ore_868e40": 0.7496821157706588
  },
  "gold_ore,hotbar,hunger_bar": {
    "armor_bar_gold_ore_health_ba_c7d2a1": 0.13232334419936465,
    "gold_ore_hotbar_xp_bar_6ad78f": 0.3801787247519447
  },
  "gold_ore,hotbar": {
    "gold_ore_xp_bar_b72dac": 0.10733249408037634,
    "gold_ore_hotbar_xp_bar_6ad78f": 0.4022292147269813
  },
  "gold_ore,hotbar,xp_bar": {
    "gold_ore_hotbar_xp_bar_6ad78f": 0.6293403073895865,
    "gold_ore_xp_bar_b72dac": 1.6906751314913817,
    "gold_ore_xp_bar_c9dc94": 1.080483221913994
  },
  "coal_ore,gold_ore,hotbar": {
    "coal_ore_7bd852": 0.5707745528771234
  },
  "coal_ore,hotbar": {
    "mine_coal_ore": 0.37404105801744525,
    "coal_ore_hotbar_hunger_bar_d66b1a": 0.6829106296457217,
    "coal_ore_hotbar_e3f079": 0.948993026569015
  },
  "hotbar": {},
  "coal_ore,hotbar,xp_bar": {
    "mine_coal_ore": 0.832837787651783,
    "coal_ore_hotbar_e3f079": 0.8531752897881584,
    "coal_ore_hotbar_xp_bar_3a4c99": 0.2836762074898034,
    "coal_ore_hotbar_hunger_bar_x_472927": 0.5221141109452427
  },
  "emerald_ore,gold_ore,hotbar": {
    "gold_ore_xp_bar_b72dac": 0.6810049862491729,
    "gold_ore_xp_bar_c9dc94": 0.4744732667407886,
    "mine_emerald_ore": 1.1411962222646768
  },
  "gold_ore": {
    "gold_ore_hotbar_xp_bar_6ad78f": 0.5072545026279913,
    "gold_ore_xp_bar_b72dac": 0.6419126710467605,
    "gold_ore_38a842": 0.9907521543955333,
    "gold_ore_fa480e": 0.7410760750395803,
    "gold_ore_447313": 1.0703514828632938,
    "gold_ore_ae74ae": 0.8935224522606238
  },